{"stats":{"minecraft:custom":{"minecraft:interact_with_furnace":2,"minecraft:mob_kills":11,"minecraft:interact_with_crafting_table":14,"minecraft:leave_game":2,"minecraft:time_since_death":39991,"minecraft:time_since_rest":40023,"minecraft:sprint_one_cm":93988,"minecraft:damage_taken":710,"minecraft:walk_one_cm":290667,"minecraft:damage_blocked_by_shield":120,"minecraft:drop":1,"minecraft:damage_dealt":1839,"minecraft:talked_to_villager":1,"minecraft:fly_one_cm":70731,"minecraft:open_chest":4,"minecraft:crouch_one_cm":666,"minecraft:play_time":47777,"minecraft:deaths":2,"minecraft:sneak_time":559,"minecraft:jump":457,"minecraft:walk_on_water_one_cm":649,"minecraft:total_world_time":47777,"minecraft:fall_one_cm":9987},"minecraft:picked_up":{"minecraft:crafting_table":2,"minecraft:wheat":5,"minecraft:wooden_pickaxe":1,"minecraft:oak_log":20,"minecraft:dirt":249,"minecraft:string":2,"minecraft:bone":8,"minecraft:apple":1,"minecraft:wheat_seeds":51,"minecraft:stone_pickaxe":1,"minecraft:cobblestone_slab":3,"minecraft:sugar_cane":10,"minecraft:oak_planks":67,"minecraft:furnace":1,"minecraft:stick":7,"minecraft:raw_iron":7,"minecraft:oak_door":1,"minecraft:torch":3,"minecraft:dandelion":1,"minecraft:sand":9,"minecraft:diorite":3,"minecraft:arrow":5,"minecraft:rotten_flesh":5,"minecraft:stone_axe":1,"minecraft:oak_sapling":10,"minecraft:coal":45,"minecraft:cobblestone":262},"minecraft:killed":{"minecraft:bat":1,"minecraft:creeper":1,"minecraft:skeleton":3,"minecraft:zombie":6},"minecraft:crafted":{"minecraft:oak_door":3,"minecraft:oak_planks":56,"minecraft:cobblestone_slab":36,"minecraft:crafting_table":2,"minecraft:wooden_pickaxe":1,"minecraft:furnace":1,"minecraft:bone_meal":12,"minecraft:stone_axe":1,"minecraft:air":0,"minecraft:shield":1,"minecraft:stick":32,"minecraft:iron_ingot":7,"minecraft:iron_pickaxe":1,"minecraft:stone_pickaxe":2,"minecraft:chest":2,"minecraft:iron_shovel":1,"minecraft:torch":76,"minecraft:stone_hoe":1},"minecraft:broken":{"minecraft:stone_pickaxe":1,"minecraft:iron_shovel":1,"minecraft:wooden_pickaxe":1},"minecraft:dropped":{"minecraft:dandelion":1},"minecraft:mined":{"minecraft:oak_sapling":2,"minecraft:oak_door":1,"minecraft:dandelion":1,"minecraft:crafting_table":1,"minecraft:torch":4,"minecraft:short_grass":304,"minecraft:grass_block":237,"minecraft:tall_grass":24,"minecraft:cobblestone":11,"minecraft:sugar_cane":5,"minecraft:oak_planks":7,"minecraft:diorite":3,"minecraft:furnace":1,"minecraft:iron_ore":8,"minecraft:wheat":5,"minecraft:oak_log":20,"minecraft:coal_ore":44,"minecraft:cobblestone_slab":3,"minecraft:sand":9,"minecraft:dirt":12,"minecraft:stone":215,"minecraft:oak_leaves":29},"minecraft:killed_by":{"minecraft:skeleton":2},"minecraft:used":{"minecraft:wheat_seeds":51,"minecraft:iron_shovel":257,"minecraft:stone_pickaxe":219,"minecraft:oak_planks":7,"minecraft:wooden_pickaxe":59,"minecraft:chest":2,"minecraft:shield":4,"minecraft:sugar_cane":10,"minecraft:cobblestone_slab":39,"minecraft:stone_hoe":125,"minecraft:rotten_flesh":5,"minecraft:oak_door":3,"minecraft:torch":41,"minecraft:dirt":73,"minecraft:crafting_table":3,"minecraft:apple":1,"minecraft:iron_pickaxe":7,"minecraft:stone_axe":59,"minecraft:cobblestone":136,"minecraft:furnace":2,"minecraft:oak_sapling":10,"minecraft:bone_meal":12}},"DataVersion":3839}